cycle,avgPayoff
0,3.0000
1,2.9510
2,2.9439
3,2.9693
4,2.9450
5,2.9374
6,2.9404
7,2.9413
8,2.9267
9,2.9590
10,2.9700
11,2.9390
12,2.9610
13,2.9383
14,2.8876
15,2.9040
16,2.9493
17,2.9306
18,2.9339
19,2.9483
20,2.9650
21,2.9226
22,2.9430
23,2.9238
24,2.9101
25,2.9367
26,2.9383
27,2.9610
28,2.9753
29,2.9437
30,2.9360
31,2.9244
32,2.9420
33,2.9202
34,2.9600
35,2.9317
36,2.9099
37,2.9009
38,2.9007
39,2.9030
40,2.9750
41,2.9355
42,2.9373
43,2.9300
44,2.9213
45,2.9152
46,2.8761
47,2.9793
48,2.9220
49,2.9560
50,2.8883
51,2.9565
52,2.9457
53,2.9226
54,2.9293
55,2.9344
56,2.9120
57,2.9108
58,2.9530
59,2.8364
60,2.9800
61,2.9333
62,2.8787
63,2.9783
64,2.9430
65,2.9310
66,2.9037
67,2.8334
68,2.8653
69,2.9301
70,2.8819
71,2.9234
72,2.8409
73,2.9233
74,2.8343
75,2.8430
76,2.9110
77,2.9157
78,2.8533
79,2.8727
80,2.8667
81,2.8205
82,2.8915
83,2.9070
84,2.8631
85,2.8411
86,2.8162
87,2.8456
88,2.8603
89,2.7947
90,2.8783
91,2.7733
92,2.8140
93,2.7884
94,2.8390
95,2.8252
96,2.7817
97,2.7756
98,2.8068
99,2.8313
100,2.8190
101,2.7279
102,2.8733
103,2.8797
104,2.8117
105,2.7791
106,2.8220
107,2.7306
108,2.7097
109,2.8337
110,2.8133
111,2.7587
112,2.8255
113,2.7517
114,2.8180
115,2.6800
116,2.8587
117,2.8308
118,2.8347
119,2.8500
120,2.8057
121,2.7686
122,2.8743
123,2.7980
124,2.8108
125,2.7977
126,2.7968
127,2.7976
128,2.7486
129,2.7622
130,2.6656
131,2.7580
132,2.7400
133,2.7293
134,2.7397
135,2.7589
136,2.7305
137,2.8115
138,2.7813
139,2.8003
140,2.8597
141,2.7802
142,2.7673
143,2.7620
144,2.8597
145,2.6661
146,2.6985
147,2.8274
148,2.7734
149,2.7990
150,2.7882
151,2.8107
152,2.7289
153,2.7533
154,2.8217
155,2.8420
156,2.9070
157,2.7619
158,2.7450
159,2.8674
160,2.7667
161,2.7835
162,2.7333
163,2.7967
164,2.7617
165,2.7746
166,2.7576
167,2.6984
168,2.8639
169,2.8008
170,2.8568
171,2.8140
172,2.8690
173,2.7514
174,2.6261
175,2.8110
176,2.7537
177,2.8900
178,2.7421
179,2.7816
180,2.8747
181,2.7233
182,2.8160
183,2.6740
184,2.8083
185,2.8885
186,2.7933
187,2.7957
188,2.8663
189,2.8160
190,2.8437
191,2.8270
192,2.7517
193,2.8117
194,2.7258
195,2.8825
196,2.7791
197,2.7850
198,2.7363
199,2.6403
200,2.7513
201,2.7373
202,2.6861
203,2.8483
204,2.8003
205,2.7923
206,2.7783
207,2.8134
208,2.7640
209,2.7910
210,2.7417
211,2.8053
212,2.7933
213,2.6577
214,2.6717
215,2.8250
216,2.6461
217,2.6693
218,2.7200
219,2.7821
220,2.7177
221,2.7653
222,2.7150
223,2.6966
224,2.7510
225,2.6243
226,2.7657
227,2.7247
228,2.6433
229,2.7667
230,2.8847
231,2.7237
232,2.7618
233,2.6920
234,2.8170
235,2.6820
236,2.7817
237,2.8473
238,2.7270
239,2.7133
240,2.7160
241,2.6928
242,2.8750
243,2.6980
244,2.7553
245,2.7860
246,2.7080
247,2.7110
248,2.7625
249,2.7967
250,2.6950
251,2.7973
252,2.6962
253,2.7833
254,2.8431
255,2.7522
256,2.7533
257,2.6536
258,2.8093
259,2.7847
260,2.7174
261,2.7547
262,2.7569
263,2.7005
264,2.7590
265,2.6974
266,2.8050
267,2.7667
268,2.7683
269,2.7417
270,2.7210
271,2.8803
272,2.7710
273,2.7426
274,2.8383
275,2.8327
276,2.6534
277,2.7310
278,2.7373
279,2.7257
280,2.7430
281,2.7612
282,2.7517
283,2.7970
284,2.8277
285,2.7586
286,2.6310
287,2.7623
288,2.7063
289,2.7537
290,2.6890
291,2.7967
292,2.7063
293,2.6774
294,2.6927
295,2.5548
296,2.5993
297,2.6750
298,2.7343
299,2.6802
300,2.6490
301,2.7070
302,2.6640
303,2.7667
304,2.6840
305,2.7873
306,2.7150
307,2.6711
308,2.6327
309,2.7477
310,2.6447
311,2.6580
312,2.7877
313,2.6883
314,2.6667
315,2.7594
316,2.7090
317,2.6660
318,2.7527
319,2.6331
320,2.7178
321,2.6560
322,2.8016
323,2.6943
324,2.7860
325,2.7158
326,2.7438
327,2.8060
328,2.7501
329,2.7092
330,2.7270
331,2.6694
332,2.6823
333,2.6700
334,2.7467
335,2.7403
336,2.7767
337,2.7330
338,2.8183
339,2.6725
340,2.7273
341,2.6893
342,2.8073
343,2.8620
344,2.7250
345,2.7673
346,2.7013
347,2.6753
348,2.6860
349,2.7414
350,2.7250
351,2.5950
352,2.8755
353,2.6782
354,2.7510
355,2.6040
356,2.7830
357,2.6670
358,2.7198
359,2.7583
360,2.7798
361,2.6869
362,2.7742
363,2.6746
364,2.6405
365,2.6000
366,2.7193
367,2.8007
368,2.6300
369,2.6753
370,2.7043
371,2.5510
372,2.5750
373,2.6533
374,2.7750
375,2.7073
376,2.5347
377,2.7077
378,2.6225
379,2.7722
380,2.5217
381,2.4969
382,2.7288
383,2.7237
384,2.6553
385,2.6097
386,2.6830
387,2.6707
388,2.5993
389,2.5527
390,2.6148
391,2.6003
392,2.5483
393,2.6440
394,2.6400
395,2.6520
396,2.6043
397,2.6900
398,2.5503
399,2.4873
400,2.7213
401,2.6420
402,2.5610
403,2.6267
404,2.6983
405,2.7653
406,2.5967
407,2.7540
408,2.7150
409,2.6185
410,2.7723
411,2.6967
412,2.6998
413,2.5755
414,2.6100
415,2.7140
416,2.4787
417,2.7083
418,2.5809
419,2.6147
420,2.6177
421,2.5960
422,2.6771
423,2.6833
424,2.5517
425,2.6683
426,2.6273
427,2.5667
428,2.6823
429,2.6067
430,2.6153
431,2.7630
432,2.6005
433,2.7650
434,2.7713
435,2.6650
436,2.7075
437,2.6787
438,2.5856
439,2.7433
440,2.7041
441,2.5900
442,2.7414
443,2.6700
444,2.7139
445,2.6677
446,2.8063
447,2.6924
448,2.5687
449,2.6733
450,2.6826
451,2.8446
452,2.7061
453,2.7753
454,2.6613
455,2.6927
456,2.7108
457,2.6943
458,2.8150
459,2.6781
460,2.7547
461,2.7330
462,2.7330
463,2.7583
464,2.7883
465,2.6570
466,2.7133
467,2.6486
468,2.6327
469,2.6880
470,2.6620
471,2.8070
472,2.6507
473,2.6337
474,2.6750
475,2.6190
476,2.5407
477,2.7050
478,2.7007
479,2.6566
480,2.6913
481,2.5873
482,2.6319
483,2.7033
484,2.6233
485,2.6585
486,2.6783
487,2.6360
488,2.5933
489,2.5983
490,2.7160
491,2.6850
492,2.6717
493,2.7057
494,2.7290
495,2.5947
496,2.7443
497,2.6677
498,2.7737
499,2.7100
500,2.6533
501,2.6233
502,2.6646
503,2.7265
504,2.5900
505,2.7320
506,2.6083
507,2.7520
508,2.6160
509,2.5613
510,2.7017
511,2.6540
512,2.5783
513,2.6713
514,2.5243
515,2.6567
516,2.7579
517,2.5450
518,2.6703
519,2.6403
520,2.6633
521,2.6616
522,2.6311
523,2.6133
524,2.6300
525,2.5913
526,2.6337
527,2.7867
528,2.6403
529,2.5267
530,2.6217
531,2.6360
532,2.6086
533,2.5984
534,2.6280
535,2.7083
536,2.5832
537,2.6690
538,2.7054
539,2.6783
540,2.7033
541,2.7283
542,2.6947
543,2.6231
544,2.6707
545,2.5124
546,2.7367
547,2.7457
548,2.6550
549,2.6697
550,2.5163
551,2.6680
552,2.5967
553,2.6019
554,2.6667
555,2.6550
556,2.6300
557,2.6213
558,2.7820
559,2.6437
560,2.6547
561,2.5808
562,2.6662
563,2.5867
564,2.6570
565,2.6636
566,2.5680
567,2.5812
568,2.6786
569,2.6074
570,2.7550
571,2.5560
572,2.6333
573,2.5797
574,2.6440
575,2.5753
576,2.5933
577,2.5417
578,2.5100
579,2.5593
580,2.5047
581,2.5583
582,2.5643
583,2.6433
584,2.5216
585,2.4430
586,2.5843
587,2.6753
588,2.6049
589,2.6243
590,2.5673
591,2.6600
592,2.6827
593,2.5988
594,2.7053
595,2.5561
596,2.6367
597,2.5313
598,2.5597
599,2.6117
600,2.5420
601,2.6860
602,2.5787
603,2.4950
604,2.6570
605,2.6017
606,2.5783
607,2.5833
608,2.4347
609,2.4993
610,2.5013
611,2.5803
612,2.4840
613,2.5550
614,2.4500
615,2.4920
616,2.3500
617,2.4317
618,2.4417
619,2.4830
620,2.4327
621,2.4783
622,2.4133
623,2.3840
624,2.4797
625,2.5100
626,2.4700
627,2.5533
628,2.5303
629,2.5033
630,2.4020
631,2.4680
632,2.5067
633,2.6583
634,2.5347
635,2.2227
636,2.5323
637,2.5333
638,2.5433
639,2.5470
640,2.5533
641,2.4333
642,2.5420
643,2.4333
644,2.4700
645,2.5650
646,2.3187
647,2.3780
648,2.4393
649,2.3608
650,2.4303
651,2.4127
652,2.3569
653,2.5160
654,2.5017
655,2.4533
656,2.4913
657,2.3652
658,2.4020
659,2.4967
660,2.3033
661,2.5667
662,2.5093
663,2.4968
664,2.6193
665,2.4067
666,2.4800
667,2.3900
668,2.4433
669,2.5072
670,2.3783
671,2.4093
672,2.3190
673,2.4127
674,2.4687
675,2.3647
676,2.3083
677,2.4193
678,2.4767
679,2.4510
680,2.3350
681,2.3667
682,2.2880
683,2.4733
684,2.3183
685,2.3283
686,2.3850
687,2.4110
688,2.4200
689,2.4030
690,2.5363
691,2.4350
692,2.4467
693,2.4537
694,2.3467
695,2.4250
696,2.4977
697,2.4283
698,2.4500
699,2.4310
700,2.5117
701,2.4623
702,2.3536
703,2.1800
704,2.6273
705,2.3930
706,2.4703
707,2.4517
708,2.2552
709,2.3183
710,2.1650
711,2.3470
712,2.3880
713,2.4400
714,2.2883
715,2.5040
716,2.4158
717,2.4467
718,2.1833
719,2.2833
720,2.2852
721,2.4677
722,2.2750
723,2.3967
724,2.2843
725,2.3367
726,2.4333
727,2.2400
728,2.4083
729,2.2043
730,2.4467
731,2.3683
732,2.2433
733,2.3667
734,2.3087
735,2.2200
736,2.3713
737,2.4183
738,2.4167
739,2.4048
740,2.4083
741,2.4300
742,2.3467
743,2.1667
744,2.4883
745,2.2200
746,2.3733
747,2.4940
748,2.3193
749,2.3567
750,2.2200
751,2.2900
752,2.4300
753,2.3033
754,2.2887
755,2.3083
756,2.4118
757,2.2617
758,2.2460
759,2.2433
760,2.2300
761,2.2883
762,2.1300
763,2.3500
764,2.3825
765,2.4487
766,2.3433
767,2.4133
768,2.4086
769,2.4343
770,2.2080
771,2.4967
772,2.6067
773,2.4020
774,2.4037
775,2.3983
776,2.2817
777,2.3187
778,2.4087
779,2.2693
780,2.4700
781,2.3860
782,2.2083
783,2.3850
784,2.3303
785,2.3583
786,2.3733
787,2.3417
788,2.4183
789,2.5087
790,2.2717
791,2.4167
792,2.3680
793,2.4633
794,2.3781
795,2.4550
796,2.2260
797,2.4053
798,2.4767
799,2.4867
800,2.4133
801,2.3853
802,2.2883
803,2.4283
804,2.4950
805,2.3583
806,2.4351
807,2.3508
808,2.5250
809,2.3657
810,2.4417
811,2.3400
812,2.3840
813,2.3447
814,2.4133
815,2.2467
816,2.2617
817,2.3770
818,2.3647
819,2.3723
820,2.3217
821,2.3333
822,2.2900
823,2.5767
824,2.3437
825,2.3243
826,2.1907
827,2.2893
828,2.3570
829,2.3963
830,2.4200
831,2.3583
832,2.4777
833,2.3483
834,2.3127
835,2.4783
836,2.4148
837,2.3033
838,2.2900
839,2.4110
840,2.2560
841,2.3097
842,2.4157
843,2.4477
844,2.2403
845,2.0757
846,2.2747
847,2.3857
848,2.2590
849,2.3390
850,2.5070
851,2.5048
852,2.1733
853,2.2700
854,2.2900
855,2.4140
856,2.3733
857,2.4710
858,2.2813
859,2.0933
860,2.1967
861,2.2930
862,2.2753
863,2.3519
864,2.4290
865,2.2852
866,2.3067
867,2.1717
868,2.2300
869,2.2233
870,2.4493
871,2.1997
872,2.2467
873,2.2533
874,2.3233
875,2.1250
876,2.2250
877,2.3883
878,2.1150
879,2.2667
880,2.3367
881,2.3956
882,2.1122
883,2.3497
884,2.4670
885,2.2203
886,2.4017
887,2.5833
888,2.2210
889,2.4817
890,2.3833
891,2.3603
892,2.3450
893,2.3133
894,2.2367
895,2.3283
896,2.5333
897,2.2653
898,2.3900
899,2.3667
900,2.4233
901,2.3983
902,2.1960
903,2.4283
904,2.4138
905,2.4933
906,2.3843
907,2.2900
908,2.2547
909,2.3267
910,2.2662
911,2.2283
912,2.4010
913,2.3963
914,2.2093
915,2.4443
916,2.2113
917,2.3750
918,2.2500
919,2.4933
920,2.2390
921,2.2250
922,2.1817
923,2.4617
924,2.3814
925,2.2717
926,2.4650
927,2.3597
928,2.4580
929,2.3800
930,2.3133
931,2.3033
932,2.2183
933,2.4783
934,2.2917
935,2.2917
936,2.3069
937,2.4243
938,2.2733
939,2.3563
940,2.4217
941,2.2293
942,2.2100
943,2.3947
944,2.3733
945,2.2050
946,2.3420
947,2.3660
948,2.2594
949,2.3537
950,2.3333
951,2.2517
952,2.3600
953,2.3367
954,2.1650
955,2.3293
956,2.2600
957,2.2673
958,2.3120
959,2.3713
960,2.2593
961,2.2702
962,2.1817
963,2.1397
964,2.3567
965,2.1733
966,2.2933
967,2.1583
968,2.2483
969,2.2180
970,2.1767
971,2.2340
972,2.2153
973,2.2160
974,2.0787
975,2.2333
976,2.3533
977,2.2333
978,2.2067
979,2.2817
980,2.0067
981,2.4027
982,2.3067
983,2.2383
984,2.2167
985,2.1200
986,2.2733
987,2.2900
988,2.2633
989,2.1860
990,2.2767
991,2.2850
992,2.1533
993,1.9950
994,2.3303
995,2.2747
996,2.2750
997,2.1620
998,2.1400
999,2.1650
1000,2.2600
1001,2.0283
1002,2.0270
1003,2.0983
1004,1.9433
1005,2.0900
1006,2.1303
1007,2.3233
1008,2.0683
1009,2.2043
1010,2.0933
1011,2.1650
1012,2.2633
1013,2.2900
1014,2.1700
1015,2.0983
1016,2.3817
1017,2.0733
1018,2.1700
1019,2.0900
1020,2.2337
1021,2.1200
1022,2.2027
1023,2.1883
1024,2.1350
1025,2.1133
1026,2.0000
1027,2.2300
1028,2.1417
1029,2.2833
1030,2.1370
1031,2.1433
1032,2.1300
1033,2.1050
1034,2.0653
1035,1.9733
1036,2.0487
1037,2.0800
1038,1.9933
1039,2.2047
1040,2.2333
1041,2.0710
1042,2.2832
1043,2.0283
1044,2.1067
1045,2.1727
1046,2.1433
1047,2.2480
1048,2.2150
1049,2.2687
1050,2.0600
1051,2.0667
1052,2.1550
1053,2.2833
1054,2.1767
1055,2.1900
1056,1.9800
1057,2.1233
1058,2.1667
1059,2.0900
1060,2.2383
1061,2.1100
1062,1.9947
1063,2.1150
1064,2.1510
1065,2.1800
1066,2.0650
1067,1.9750
1068,2.2613
1069,2.0147
1070,2.0833
1071,1.9967
1072,2.2483
1073,2.0652
1074,2.1000
1075,2.2176
1076,2.0967
1077,2.0010
1078,2.1167
1079,2.2400
1080,2.1287
1081,2.1083
1082,2.1713
1083,1.9850
1084,2.1983
1085,2.1133
1086,2.0250
1087,1.8993
1088,2.1567
1089,2.2200
1090,2.0000
1091,2.2013
1092,2.3277
1093,2.1333
1094,2.3017
1095,2.0273
1096,2.0687
1097,2.0683
1098,2.0567
1099,2.0733
1100,2.0200
1101,2.0917
1102,2.1133
1103,2.0467
1104,2.0769
1105,1.9633
1106,2.0767
1107,2.2081
1108,2.1533
1109,2.2150
1110,1.9023
1111,2.1633
1112,1.9380
1113,2.0250
1114,2.1933
1115,1.9433
1116,2.0253
1117,2.1633
1118,2.2133
1119,2.1333
1120,2.1397
1121,2.1700
1122,1.9733
1123,1.8900
1124,2.1733
1125,2.1227
1126,2.1467
1127,2.1413
1128,2.1500
1129,2.0900
1130,2.2717
1131,2.1900
1132,2.0253
1133,2.1117
1134,1.9633
1135,2.0800
1136,2.2350
1137,1.9950
1138,2.2970
1139,2.1112
1140,2.1633
1141,2.1300
1142,1.9033
1143,2.1683
1144,2.1300
1145,2.0233
1146,2.1080
1147,2.1003
1148,2.1067
1149,1.9760
1150,2.0133
1151,2.0733
1152,2.1133
1153,2.1560
1154,2.1783
1155,1.8633
1156,1.9133
1157,2.2920
1158,2.0283
1159,2.0400
1160,2.0467
1161,2.1920
1162,2.1633
1163,1.9817
1164,2.1463
1165,1.9500
1166,2.0950
1167,2.0767
1168,2.2790
1169,2.1550
1170,2.2733
1171,2.3267
1172,2.0620
1173,2.0300
1174,2.1600
1175,1.8514
1176,2.1400
1177,2.1733
1178,2.1090
1179,2.2233
1180,1.8367
1181,2.1100
1182,2.0283
1183,2.1150
1184,2.1893
1185,2.0983
1186,2.2247
1187,2.0967
1188,2.1567
1189,2.1533
1190,2.0683
1191,2.0583
1192,2.1200
1193,2.2067
1194,2.0633
1195,2.0250
1196,2.0650
1197,2.1086
1198,2.1900
1199,2.1367
1200,2.0450
1201,1.9580
1202,2.0467
1203,2.0460
1204,2.1467
1205,1.9800
1206,2.0667
1207,2.2867
1208,2.1780
1209,2.2067
1210,2.2033
1211,2.1117
1212,2.1487
1213,2.1850
1214,1.9300
1215,1.9583
1216,1.7480
1217,2.0700
1218,2.0800
1219,2.1433
1220,2.0317
1221,2.2000
1222,2.1717
1223,2.0600
1224,2.3183
1225,2.0717
1226,2.0350
1227,2.1987
1228,1.8750
1229,1.9633
1230,1.9333
1231,1.8960
1232,1.9933
1233,1.9963
1234,1.8917
1235,2.0717
1236,2.1483
1237,2.2633
1238,2.1250
1239,2.1380
1240,1.9800
1241,2.1367
1242,2.0920
1243,2.0517
1244,2.2280
1245,2.0130
1246,2.0848
1247,2.0300
1248,2.0383
1249,2.2200
1250,2.0890
1251,2.0910
1252,1.9870
1253,2.0617
1254,2.0087
1255,2.1564
1256,2.1853
1257,2.0317
1258,1.9243
1259,2.0533
1260,2.1933
1261,2.0527
1262,2.0193
1263,2.0933
1264,2.1300
1265,2.0533
1266,2.0217
1267,2.2933
1268,2.0917
1269,1.9933
1270,2.0883
1271,2.0800
1272,2.2750
1273,2.0507
1274,1.9700
1275,2.0500
1276,2.2433
1277,2.1233
1278,2.2293
1279,1.9953
1280,1.8600
1281,2.0033
1282,2.1193
1283,2.1819
1284,2.0220
1285,2.0867
1286,2.1370
1287,2.0483
1288,2.2467
1289,2.0953
1290,2.1000
1291,2.2033
1292,1.9483
1293,2.1383
1294,2.1617
1295,2.1267
1296,2.1013
1297,2.1753
1298,2.2433
1299,2.0567
1300,2.0083
1301,1.9550
1302,2.0867
1303,1.9100
1304,2.3050
1305,2.1560
1306,2.0333
1307,2.1133
1308,2.3067
1309,2.1183
1310,2.0383
1311,2.2167
1312,2.1000
1313,2.2630
1314,2.0783
1315,2.1513
1316,1.9567
1317,2.0200
1318,2.1587
1319,2.0247
1320,2.1460
1321,2.1933
1322,2.0383
1323,2.2533
1324,2.1373
1325,1.9283
1326,1.9933
1327,2.1133
1328,2.3703
1329,2.0333
1330,2.2583
1331,2.1353
1332,2.2600
1333,2.0117
1334,2.0933
1335,2.2050
1336,2.0900
1337,2.1583
1338,2.1067
1339,1.9867
1340,2.1800
1341,1.9450
1342,2.0867
1343,2.2537
1344,2.4033
1345,2.1567
1346,2.2053
1347,2.1500
1348,2.2200
1349,2.2317
1350,2.2987
1351,1.9667
1352,2.3783
1353,2.2200
1354,2.0200
1355,2.0542
1356,2.2383
1357,2.1730
1358,2.1433
1359,2.1867
1360,2.0883
1361,2.0310
1362,2.1133
1363,1.9563
1364,2.2480
1365,2.1896
1366,2.2017
1367,2.0967
1368,1.9867
1369,1.9283
1370,2.0350
1371,2.1983
1372,1.9850
1373,2.0510
1374,2.1600
1375,2.1193
1376,2.0233
1377,1.9367
1378,2.0633
1379,2.0850
1380,2.1727
1381,1.9617
1382,1.9417
1383,2.0820
1384,1.9633
1385,2.0200
1386,2.0617
1387,2.0827
1388,2.0200
1389,2.0133
1390,2.0000
1391,1.9233
1392,2.0383
1393,2.0087
1394,2.0673
1395,2.0700
1396,2.0233
1397,1.9400
1398,2.0987
1399,2.0867
1400,1.7100
1401,2.0650
1402,2.0120
1403,2.0567
1404,1.8987
1405,1.9100
1406,2.0300
1407,1.8777
1408,2.0417
1409,1.9933
1410,1.8727
1411,1.9067
1412,1.9867
1413,1.7933
1414,1.9767
1415,2.0567
1416,2.0150
1417,2.0287
1418,1.9033
1419,1.9917
1420,1.8443
1421,1.9957
1422,1.8917
1423,1.8733
1424,1.9967
1425,1.8933
1426,1.8500
1427,2.0900
1428,2.0100
1429,2.0793
1430,2.0083
1431,2.0800
1432,1.9163
1433,1.9950
1434,2.1133
1435,1.9783
1436,1.8833
1437,2.0783
1438,2.1787
1439,2.0543
1440,2.0633
1441,2.0633
1442,1.9267
1443,1.9893
1444,1.9950
1445,1.9917
1446,2.0133
1447,2.1717
1448,1.9033
1449,2.2333
1450,2.0380
1451,2.1267
1452,1.9867
1453,1.9367
1454,2.0100
1455,1.8700
1456,1.9697
1457,1.8300
1458,1.9733
1459,1.9533
1460,1.9650
1461,1.9317
1462,1.7700
1463,1.9100
1464,1.8000
1465,1.7367
1466,2.0133
1467,1.9000
1468,1.9100
1469,1.9100
1470,1.7000
1471,1.8200
1472,1.8800
1473,1.5683
1474,1.7433
1475,1.8167
1476,1.9333
1477,1.8667
1478,1.9500
1479,1.9267
1480,1.8200
1481,1.9833
1482,1.8283
1483,1.8033
1484,1.9733
1485,1.9567
1486,1.9833
1487,1.6850
1488,2.0800
1489,1.8390
1490,1.8967
1491,1.8433
1492,1.7933
1493,2.0083
1494,2.1820
1495,1.9017
1496,2.0100
1497,1.9333
1498,1.8167
1499,1.9300
1500,1.7500
1501,1.9600
1502,2.0733
1503,1.8143
1504,1.8600
1505,1.9000
1506,1.6346
1507,2.0633
1508,1.7053
1509,1.9770
1510,1.8533
1511,1.8933
1512,1.8833
1513,1.7973
1514,1.9367
1515,1.8667
1516,1.8987
1517,1.8400
1518,2.0867
1519,2.0222
1520,1.8433
1521,1.8767
1522,1.8333
1523,1.9400
1524,1.8500
1525,1.8367
1526,1.8300
1527,1.8433
1528,1.7800
1529,1.7400
1530,1.9227
1531,1.7407
1532,1.7340
1533,1.9000
1534,1.8617
1535,1.8200
1536,1.9200
1537,1.8760
1538,1.8433
1539,1.7733
1540,1.7367
1541,1.8667
1542,1.8980
1543,1.7233
1544,1.9500
1545,1.9050
1546,1.7440
1547,1.8933
1548,2.0200
1549,1.9048
1550,1.8567
1551,1.9350
1552,1.6817
1553,1.8800
1554,1.9100
1555,1.8617
1556,1.9053
1557,1.9383
1558,1.8367
1559,1.9700
1560,1.7733
1561,1.8000
1562,2.0067
1563,1.9283
1564,1.7933
1565,1.8717
1566,1.9467
1567,2.0500
1568,1.8813
1569,1.9800
1570,1.8367
1571,1.9750
1572,1.7117
1573,1.7800
1574,2.0400
1575,1.8900
1576,1.9200
1577,1.9767
1578,1.9033
1579,1.8633
1580,2.0067
1581,1.8300
1582,1.9467
1583,1.9900
1584,1.7633
1585,1.8300
1586,1.7133
1587,1.8550
1588,1.8600
1589,1.7500
1590,1.9450
1591,1.8983
1592,1.6800
1593,1.8400
1594,1.9050
1595,1.7283
1596,1.6600
1597,1.8413
1598,1.9083
1599,1.9767
1600,1.8267
1601,1.8900
1602,1.9000
1603,1.8167
1604,1.6550
1605,1.7767
1606,1.7700
1607,1.8400
1608,1.9700
1609,1.9333
1610,1.8850
1611,1.8700
1612,1.7617
1613,1.9740
1614,1.8623
1615,1.8040
1616,2.0633
1617,1.8300
1618,1.6767
1619,1.8400
1620,1.9407
1621,1.8800
1622,1.8500
1623,1.6833
1624,1.9233
1625,1.9167
1626,1.7820
1627,1.7667
1628,1.8033
1629,1.6400
1630,1.7300
1631,1.9067
1632,1.8850
1633,1.9517
1634,1.9667
1635,1.8450
1636,1.7000
1637,1.8233
1638,1.5500
1639,1.7250
1640,1.7607
1641,1.9833
1642,1.7400
1643,1.9200
1644,1.7700
1645,1.8040
1646,2.0100
1647,1.9183
1648,1.7267
1649,1.6653
1650,1.8650
1651,1.7633
1652,1.8447
1653,1.7183
1654,1.6700
1655,1.7900
1656,1.7167
1657,1.7033
1658,1.8117
1659,1.8350
1660,1.6867
1661,1.6567
1662,1.7133
1663,1.9633
1664,1.7700
1665,1.6200
1666,1.7467
1667,1.6700
1668,1.7100
1669,1.6533
1670,1.7267
1671,1.8050
1672,1.9000
1673,1.6900
1674,1.7967
1675,1.9383
1676,1.8367
1677,1.8430
1678,1.8200
1679,2.0267
1680,1.7143
1681,1.6900
1682,2.0000
1683,1.9200
1684,1.8513
1685,1.6933
1686,1.5800
1687,1.6600
1688,1.6700
1689,2.0133
1690,1.7217
1691,1.9450
1692,1.6713
1693,1.9783
1694,1.8233
1695,1.5600
1696,1.7550
1697,1.8750
1698,1.8017
1699,1.7500
1700,1.7133
1701,1.8067
1702,1.7600
1703,1.7600
1704,1.6467
1705,1.7933
1706,1.8350
1707,1.6533
1708,1.7967
1709,1.8533
1710,1.7233
1711,1.8983
1712,1.6933
1713,1.7587
1714,1.8033
1715,1.7550
1716,1.7917
1717,1.8067
1718,1.8693
1719,1.7283
1720,1.6700
1721,1.6067
1722,1.6633
1723,1.6533
1724,1.8033
1725,1.8700
1726,1.8133
1727,1.7300
1728,1.7467
1729,1.6500
1730,1.6350
1731,1.5733
1732,1.7000
1733,1.6500
1734,1.6700
1735,1.6400
1736,1.7750
1737,1.6233
1738,1.7000
1739,1.7733
1740,1.5033
1741,1.7400
1742,1.4700
1743,1.6400
1744,1.8400
1745,1.7233
1746,1.6900
1747,1.6233
1748,1.6200
1749,1.6800
1750,1.6767
1751,1.7233
1752,1.5633
1753,1.5783
1754,1.4733
1755,1.7333
1756,1.7400
1757,1.6200
1758,1.6300
1759,1.5167
1760,1.6200
1761,1.5600
1762,1.6933
1763,1.6367
1764,1.5707
1765,1.6033
1766,1.5100
1767,1.7700
1768,1.5833
1769,1.5800
1770,1.5900
1771,1.5867
1772,1.6867
1773,1.5667
1774,1.5867
1775,1.6500
1776,1.6367
1777,1.7100
1778,1.6783
1779,1.6067
1780,1.6383
1781,1.7383
1782,1.6233
1783,1.6767
1784,1.5533
1785,1.5100
1786,1.5767
1787,1.5900
1788,1.6300
1789,1.6967
1790,1.5667
1791,1.4667
1792,1.5067
1793,1.5833
1794,1.6450
1795,1.5600
1796,1.6900
1797,1.6600
1798,1.5700
1799,1.5083
1800,1.5400
1801,1.7053
1802,1.6167
1803,1.5700
1804,1.5600
1805,1.5867
1806,1.5467
1807,1.7133
1808,1.5467
1809,1.5500
1810,1.6500
1811,1.5833
1812,1.5600
1813,1.5400
1814,1.5900
1815,1.6200
1816,1.6800
1817,1.7033
1818,1.5800
1819,1.5600
1820,1.4000
1821,1.7400
1822,1.4900
1823,1.6000
1824,1.5967
1825,1.6400
1826,1.6100
1827,1.5633
1828,1.8767
1829,1.5819
1830,1.5300
1831,1.6200
1832,1.6667
1833,1.5300
1834,1.6867
1835,1.5820
1836,1.4400
1837,1.6400
1838,1.5600
1839,1.4900
1840,1.3400
1841,1.5500
1842,1.6100
1843,1.4933
1844,1.5900
1845,1.5800
1846,1.5700
1847,1.5600
1848,1.5733
1849,1.7400
1850,1.7467
1851,1.6567
1852,1.5867
1853,1.6633
1854,1.6100
1855,1.5167
1856,1.7050
1857,1.6083
1858,1.4600
1859,1.5400
1860,1.7300
1861,1.7150
1862,1.6000
1863,1.6700
1864,1.6950
1865,1.6167
1866,1.7167
1867,1.4633
1868,1.6067
1869,1.6400
1870,1.6717
1871,1.5233
1872,1.4967
1873,1.5700
1874,1.6717
1875,1.6733
1876,1.4933
1877,1.5167
1878,1.7233
1879,1.4833
1880,1.7067
1881,1.4980
1882,1.4700
1883,1.5900
1884,1.4400
1885,1.4433
1886,1.4667
1887,1.4100
1888,1.6683
1889,1.7117
1890,1.6600
1891,1.9050
1892,1.5900
1893,1.6867
1894,1.5300
1895,1.7000
1896,1.6033
1897,1.6467
1898,1.7433
1899,1.6600
1900,1.5833
1901,1.4667
1902,1.4800
1903,1.6433
1904,1.5600
1905,1.5200
1906,1.5300
1907,1.6033
1908,1.6050
1909,1.3983
1910,1.5300
1911,1.4400
1912,1.5300
1913,1.6100
1914,1.5800
1915,1.5700
1916,1.7000
1917,1.6100
1918,1.3267
1919,1.7400
1920,1.4100
1921,1.5600
1922,1.4467
1923,1.5760
1924,1.3600
1925,1.5533
1926,1.5100
1927,1.6600
1928,1.6133
1929,1.7117
1930,1.5433
1931,1.4900
1932,1.4800
1933,1.5500
1934,1.6400
1935,1.5633
1936,1.5783
1937,1.5100
1938,1.5400
1939,1.4433
1940,1.5500
1941,1.4900
1942,1.3900
1943,1.5100
1944,1.5067
1945,1.7567
1946,1.7100
1947,1.5083
1948,1.5100
1949,1.4800
1950,1.5383
1951,1.6000
1952,1.5367
1953,1.5100
1954,1.6150
1955,1.4900
1956,1.5433
1957,1.3667
1958,1.3300
1959,1.5200
1960,1.4567
1961,1.4000
1962,1.5800
1963,1.5067
1964,1.5667
1965,1.5593
1966,1.4367
1967,1.5467
1968,1.5800
1969,1.6133
1970,1.4300
1971,1.4533
1972,1.4567
1973,1.4833
1974,1.4100
1975,1.3767
1976,1.5933
1977,1.5167
1978,1.4633
1979,1.3400
1980,1.4200
1981,1.3000
1982,1.4467
1983,1.3767
1984,1.5467
1985,1.3700
1986,1.4400
1987,1.4400
1988,1.3867
1989,1.5300
1990,1.3500
1991,1.4433
1992,1.4233
1993,1.3060
1994,1.4167
1995,1.4133
1996,1.5100
1997,1.5033
1998,1.5317
1999,1.4700
2000,1.2800
2001,1.3300
2002,1.3067
2003,1.2900
2004,1.3950
2005,1.4083
2006,1.3900
2007,1.3400
2008,1.4167
2009,1.2700
2010,1.3400
2011,1.5233
2012,1.2633
2013,1.3700
2014,1.4067
2015,1.2600
2016,1.3367
2017,1.3900
2018,1.2700
2019,1.1933
2020,1.4250
2021,1.2800
2022,1.2533
2023,1.4900
2024,1.4200
2025,1.4533
2026,1.5280
2027,1.5900
2028,1.3633
2029,1.2500
2030,1.3500
2031,1.3950
2032,1.2600
2033,1.4233
2034,1.4200
2035,1.3067
2036,1.3950
2037,1.3400
2038,1.5650
2039,1.1800
2040,1.4533
2041,1.4733
2042,1.3400
2043,1.5500
2044,1.4500
2045,1.4667
2046,1.3600
2047,1.4100
2048,1.3900
2049,1.2200
2050,1.3767
2051,1.4700
2052,1.4033
2053,1.4017
2054,1.3000
2055,1.4200
2056,1.5553
2057,1.3400
2058,1.2900
2059,1.3333
2060,1.4000
2061,1.4800
2062,1.4800
2063,1.3900
2064,1.3867
2065,1.3600
2066,1.3767
2067,1.3733
2068,1.5300
2069,1.6167
2070,1.4500
2071,1.3650
2072,1.5267
2073,1.4233
2074,1.3900
2075,1.4567
2076,1.5083
2077,1.6233
2078,1.4600
2079,1.4133
2080,1.5200
2081,1.4400
2082,1.3400
2083,1.2400
2084,1.4800
2085,1.5233
2086,1.4250
2087,1.4100
2088,1.3800
2089,1.4633
2090,1.3800
2091,1.5800
2092,1.5530
2093,1.5230
2094,1.3400
2095,1.4033
2096,1.3967
2097,1.4950
2098,1.5100
2099,1.3267
2100,1.4600
2101,1.4567
2102,1.4967
2103,1.5100
2104,1.5500
2105,1.3200
2106,1.2767
2107,1.4367
2108,1.2900
2109,1.4200
2110,1.2167
2111,1.3267
2112,1.5000
2113,1.2900
2114,1.4070
2115,1.3800
2116,1.5500
2117,1.3067
2118,1.3733
2119,1.3800
2120,1.4283
2121,1.3600
2122,1.4067
2123,1.4100
2124,1.3833
2125,1.3733
2126,1.5133
2127,1.2700
2128,1.4000
2129,1.3667
2130,1.2867
2131,1.4050
2132,1.4300
2133,1.3500
2134,1.3500
2135,1.4167
2136,1.4267
2137,1.5500
2138,1.3267
2139,1.3467
2140,1.4300
2141,1.2900
2142,1.3800
2143,1.2700
2144,1.3250
2145,1.3700
2146,1.2400
2147,1.3800
2148,1.3100
2149,1.3400
2150,1.3433
2151,1.4100
2152,1.3833
2153,1.2067
2154,1.3400
2155,1.3100
2156,1.3000
2157,1.3867
2158,1.2700
2159,1.2600
2160,1.2233
2161,1.3233
2162,1.2933
2163,1.3100
2164,1.3100
2165,1.2400
2166,1.2700
2167,1.3900
2168,1.4300
2169,1.2800
2170,1.3300
2171,1.4150
2172,1.2600
2173,1.4567
2174,1.3167
2175,1.3200
2176,1.2967
2177,1.3300
2178,1.3367
2179,1.3567
2180,1.4000
2181,1.4000
2182,1.3500
2183,1.4100
2184,1.3233
2185,1.2950
2186,1.3900
2187,1.4000
2188,1.4433
2189,1.3567
2190,1.4167
2191,1.3817
2192,1.4687
2193,1.4250
2194,1.3200
2195,1.2600
2196,1.3400
2197,1.3367
2198,1.3133
2199,1.3667
2200,1.3850
2201,1.2867
2202,1.4167
2203,1.3733
2204,1.2900
2205,1.4500
2206,1.1900
2207,1.2967
2208,1.3533
2209,1.3767
2210,1.3200
2211,1.4300
2212,1.2800
2213,1.3000
2214,1.4000
2215,1.2500
2216,1.3900
2217,1.2900
2218,1.3167
2219,1.3700
2220,1.3800
2221,1.2387
2222,1.3200
2223,1.4200
2224,1.3167
2225,1.2840
2226,1.2600
2227,1.2700
2228,1.2600
2229,1.3900
2230,1.1800
2231,1.1500
2232,1.2600
2233,1.2200
2234,1.3200
2235,1.1800
2236,1.2100
2237,1.2433
2238,1.2400
2239,1.2200
2240,1.1600
2241,1.3767
2242,1.1900
2243,1.2200
2244,1.2300
2245,1.2533
2246,1.3400
2247,1.2807
2248,1.3667
2249,1.1400
2250,1.2400
2251,1.2000
2252,1.3300
2253,1.2167
2254,1.1700
2255,1.1800
2256,1.2350
2257,1.2900
2258,1.3933
2259,1.2667
2260,1.2500
2261,1.1700
2262,1.2900
2263,1.1700
2264,1.3867
2265,1.3067
2266,1.3300
2267,1.4200
2268,1.3100
2269,1.2400
2270,1.3100
2271,1.3267
2272,1.2100
2273,1.2200
2274,1.3000
2275,1.2500
2276,1.2200
2277,1.3100
2278,1.2467
2279,1.3467
2280,1.3267
2281,1.4433
2282,1.2700
2283,1.2567
2284,1.1633
2285,1.2667
2286,1.2700
2287,1.2400
2288,1.1800
2289,1.3333
2290,1.2250
2291,1.1200
2292,1.2400
2293,1.2533
2294,1.1767
2295,1.1867
2296,1.1800
2297,1.1700
2298,1.3867
2299,1.1767
2300,1.1700
2301,1.1567
2302,1.0950
2303,1.1850
2304,1.2400
2305,1.1567
2306,1.2000
2307,1.0800
2308,1.2100
2309,1.2283
2310,1.2400
2311,1.2000
2312,1.1367
2313,1.2367
2314,1.0900
2315,1.1400
2316,1.1300
2317,1.0400
2318,1.1967
2319,1.1600
2320,1.1200
2321,1.1000
2322,1.1100
2323,1.1300
2324,1.0900
2325,1.0900
2326,1.1400
2327,1.0700
2328,1.1200
2329,1.1200
2330,1.1233
2331,1.1300
2332,1.2367
2333,1.1650
2334,1.0867
2335,1.1000
2336,1.1000
2337,1.0700
2338,1.0800
2339,1.1367
2340,1.0600
2341,1.0400
2342,1.0400
2343,1.0967
2344,1.0733
2345,1.0967
2346,1.0500
2347,1.0700
2348,1.1000
2349,1.1267
2350,1.0500
2351,1.0667
2352,1.0300
2353,1.0200
2354,1.0800
2355,1.0000
2356,1.0400
2357,1.1000
2358,1.0700
2359,1.0200
2360,1.1100
2361,1.0900
2362,1.1433
2363,1.0400
2364,1.0467
2365,1.1067
2366,1.0400
2367,1.0400
2368,1.0500
2369,1.0200
2370,1.0767
2371,1.1067
2372,1.0400
2373,1.0200
2374,1.0600
2375,1.0600
2376,1.0100
2377,1.0200
2378,1.0667
2379,1.1000
2380,1.0200
2381,1.0967
2382,1.0600
2383,1.0700
2384,1.1000
2385,1.0800
2386,1.0900
2387,1.0650
2388,1.1333
2389,1.0267
2390,1.0600
2391,1.0867
2392,1.0400
2393,1.0000
2394,1.0000
2395,1.0800
2396,1.0200
2397,1.1567
2398,1.1300
2399,1.0533
2400,1.0400
2401,1.0400
2402,1.0600
2403,1.1150
2404,1.0400
2405,1.0667
2406,1.0667
2407,1.0200
2408,1.0667
2409,1.1000
2410,1.0467
2411,1.0667
2412,1.1067
2413,1.0400
2414,1.0867
2415,1.0400
2416,1.0600
2417,1.0500
2418,1.0400
2419,1.0200
2420,1.1450
2421,1.0300
2422,1.0800
2423,1.0500
2424,1.0667
2425,1.1000
2426,1.0400
2427,1.0200
2428,1.0600
2429,1.0467
2430,1.0200
2431,1.0267
2432,1.0767
2433,1.0400
2434,1.0800
2435,1.1067
2436,1.1100
2437,1.1167
2438,1.1000
2439,1.0600
2440,1.1600
2441,1.0200
2442,1.1200
2443,1.1200
2444,1.0000
2445,1.0800
2446,1.1000
2447,1.1267
2448,1.1100
2449,1.0200
2450,1.0867
2451,1.0250
2452,1.0800
2453,1.0667
2454,1.0600
2455,1.0900
2456,1.1000
2457,1.1333
2458,1.1000
2459,1.1400
2460,1.0800
2461,1.0400
2462,1.0967
2463,1.0467
2464,1.1333
2465,1.1433
2466,1.1250
2467,1.0733
2468,1.1067
2469,1.1533
2470,1.0400
2471,1.0900
2472,1.1267
2473,1.1167
2474,1.1100
2475,1.1267
2476,1.1000
2477,1.0700
2478,1.0867
2479,1.0500
2480,1.1200
2481,1.0600
2482,1.0400
2483,1.1000
2484,1.0800
2485,1.0600
2486,1.0900
2487,1.1300
2488,1.0600
2489,1.1067
2490,1.0000
2491,1.0800
2492,1.0933
2493,1.0667
2494,1.0800
2495,1.0467
2496,1.0867
2497,1.0300
2498,1.1100
2499,1.0800
2500,1.0400
2501,1.0200
2502,1.1367
2503,1.0700
2504,1.0300
2505,1.1000
2506,1.0800
2507,1.0800
2508,1.0900
2509,1.1000
2510,1.0200
2511,1.1700
2512,1.1267
2513,1.0600
2514,1.0700
2515,1.0400
2516,1.0567
2517,1.1000
2518,1.0300
2519,1.0767
2520,1.0800
2521,1.0900
2522,1.0667
2523,1.0467
2524,1.0867
2525,1.0267
2526,1.1033
2527,1.0600
2528,1.0800
2529,1.0700
2530,1.1100
2531,1.0467
2532,1.0200
2533,1.0400
2534,1.0667
2535,1.0767
2536,1.0700
2537,1.0200
2538,1.0400
2539,1.0200
2540,1.0200
2541,1.0700
2542,1.0800
2543,1.0667
2544,1.0400
2545,1.1200
2546,1.0600
2547,1.0800
2548,1.1067
2549,1.0800
2550,1.0200
2551,1.0600
2552,1.0200
2553,1.1267
2554,1.1000
2555,1.1067
2556,1.1267
2557,1.0867
2558,1.0400
2559,1.0767
2560,1.0667
2561,1.0400
2562,1.1067
2563,1.0600
2564,1.0800
2565,1.0800
2566,1.1267
2567,1.0720
2568,1.1267
2569,1.0800
2570,1.0800
2571,1.0600
2572,1.0200
2573,1.1267
2574,1.0800
2575,1.0400
2576,1.1333
2577,1.0200
2578,1.0600
2579,1.0800
2580,1.0600
2581,1.0800
2582,1.0400
2583,1.0200
2584,1.1100
2585,1.0600
2586,1.1600
2587,1.0400
2588,1.0800
2589,1.1200
2590,1.1200
2591,1.1000
2592,1.0400
2593,1.1600
2594,1.0900
2595,1.0600
2596,1.0800
2597,1.1267
2598,1.1367
2599,1.0600
2600,1.0967
2601,1.1267
2602,1.1000
2603,1.0200
2604,1.0600
2605,1.1267
2606,1.0400
2607,1.1000
2608,1.1000
2609,1.0517
2610,1.0700
2611,1.1600
2612,1.1533
2613,1.0600
2614,1.1000
2615,1.0200
2616,1.1067
2617,1.0200
2618,1.0000
2619,1.0400
2620,1.0867
2621,1.1000
2622,1.1267
2623,1.0200
2624,1.0400
2625,1.0400
2626,1.0967
2627,1.0400
2628,1.0467
2629,1.1267
2630,1.1467
2631,1.1333
2632,1.0200
2633,1.0600
2634,1.1400
2635,1.0800
2636,1.0600
2637,1.0700
2638,1.0367
2639,1.0400
2640,1.0600
2641,1.1167
2642,1.0800
2643,1.1000
2644,1.0400
2645,1.0800
2646,1.0700
2647,1.0600
2648,1.0400
2649,1.0600
2650,1.0933
2651,1.0000
2652,1.0400
2653,1.0400
2654,1.1000
2655,1.1667
2656,1.0400
2657,1.0200
2658,1.1000
2659,1.0600
2660,1.0200
2661,1.0867
2662,1.0000
2663,1.0200
2664,1.1000
2665,1.0600
2666,1.0600
2667,1.0600
2668,1.0400
2669,1.0667
2670,1.0800
2671,1.0800
2672,1.1000
2673,1.0867
2674,1.0600
2675,1.1000
2676,1.0600
2677,1.0600
2678,1.0400
2679,1.0400
2680,1.0000
2681,1.1250
2682,1.0600
2683,1.1333
2684,1.1000
2685,1.0800
2686,1.0200
2687,1.0600
2688,1.0600
2689,1.0467
2690,1.0800
2691,1.0800
2692,1.0667
2693,1.0667
2694,1.0200
2695,1.0400
2696,1.0667
2697,1.0600
2698,1.0200
2699,1.1000
2700,1.0400
2701,1.1167
2702,1.0600
2703,1.0400
2704,1.0800
2705,1.0800
2706,1.1200
2707,1.1467
2708,1.0867
2709,1.1200
2710,1.0867
2711,1.1067
2712,1.0200
2713,1.0800
2714,1.1200
2715,1.0400
2716,1.0333
2717,1.0600
2718,1.0867
2719,1.0467
2720,1.0633
2721,1.0800
2722,1.0600
2723,1.0800
2724,1.1133
2725,1.0400
2726,1.0400
2727,1.0600
2728,1.1000
2729,1.0667
2730,1.0400
2731,1.0600
2732,1.0400
2733,1.1650
2734,1.1200
2735,1.1267
2736,1.0700
2737,1.0200
2738,1.0200
2739,1.1000
2740,1.0600
2741,1.0300
2742,1.0200
2743,1.0400
2744,1.1200
2745,1.0700
2746,1.0200
2747,1.0600
2748,1.0400
2749,1.0600
2750,1.0600
2751,1.1000
2752,1.1133
2753,1.0600
2754,1.1050
2755,1.1467
2756,1.0400
2757,1.0400
2758,1.0400
2759,1.0800
2760,1.0400
2761,1.1000
2762,1.1200
2763,1.0600
2764,1.0667
2765,1.0800
2766,1.0467
2767,1.0600
2768,1.0800
2769,1.0800
2770,1.1467
2771,1.0700
2772,1.0800
2773,1.0400
2774,1.0600
2775,1.1200
2776,1.0200
2777,1.0800
2778,1.1467
2779,1.0200
2780,1.0200
2781,1.0533
2782,1.1267
2783,1.0200
2784,1.0800
2785,1.0800
2786,1.0467
2787,1.1233
2788,1.1000
2789,1.0000
2790,1.0800
2791,1.0800
2792,1.1000
2793,1.1467
2794,1.1000
2795,1.0400
2796,1.0967
2797,1.0600
2798,1.0200
2799,1.0467
2800,1.0800
2801,1.0800
2802,1.0600
2803,1.0600
2804,1.0600
2805,1.0467
2806,1.0400
2807,1.1000
2808,1.1000
2809,1.0600
2810,1.1133
2811,1.0400
2812,1.0600
2813,1.0200
2814,1.0467
2815,1.0600
2816,1.0200
2817,1.0533
2818,1.0467
2819,1.1400
2820,1.0200
2821,1.1933
2822,1.0933
2823,1.0200
2824,1.0400
2825,1.1000
2826,1.0000
2827,1.0267
2828,1.0200
2829,1.0400
2830,1.0800
2831,1.0200
2832,1.1467
2833,1.0933
2834,1.1667
2835,1.0600
2836,1.0200
2837,1.0400
2838,1.1067
2839,1.0400
2840,1.1533
2841,1.0600
2842,1.0400
2843,1.1267
2844,1.0600
2845,1.0600
2846,1.0800
2847,1.0500
2848,1.0400
2849,1.0467
2850,1.0400
2851,1.0800
2852,1.0800
2853,1.0467
2854,1.0200
2855,1.1167
2856,1.1200
2857,1.0200
2858,1.0667
2859,1.0000
2860,1.0600
2861,1.0400
2862,1.0600
2863,1.0200
2864,1.0867
2865,1.1000
2866,1.0400
2867,1.0800
2868,1.1467
2869,1.1000
2870,1.1200
2871,1.1050
2872,1.0200
2873,1.0200
2874,1.1133
2875,1.0400
2876,1.0600
2877,1.1000
2878,1.0600
2879,1.1200
2880,1.1000
2881,1.0600
2882,1.1467
2883,1.0867
2884,1.0667
2885,1.0600
2886,1.1000
2887,1.1333
2888,1.1367
2889,1.0600
2890,1.0850
2891,1.1000
2892,1.1000
2893,1.1667
2894,1.1900
2895,1.2000
2896,1.2067
2897,1.1600
2898,1.1050
2899,1.1200
2900,1.0400
2901,1.0667
2902,1.0867
2903,1.0600
2904,1.1400
2905,1.1200
2906,1.0600
2907,1.1267
2908,1.1000
2909,1.0800
2910,1.0800
2911,1.0867
2912,1.0400
2913,1.0400
2914,1.0200
2915,1.0600
2916,1.0800
2917,1.0600
2918,1.1100
2919,1.1200
2920,1.0400
2921,1.0650
2922,1.0200
2923,1.1467
2924,1.0800
2925,1.1467
2926,1.0000
2927,1.1400
2928,1.0867
2929,1.0850
2930,1.1067
2931,1.0600
2932,1.0400
2933,1.0800
2934,1.0600
2935,1.0800
2936,1.0000
2937,1.1000
2938,1.0400
2939,1.0800
2940,1.1520
2941,1.0200
2942,1.1533
2943,1.0800
2944,1.1100
2945,1.0600
2946,1.1300
2947,1.1000
2948,1.0800
2949,1.2233
2950,1.1767
2951,1.0600
2952,1.0600
2953,1.1200
2954,1.0800
2955,1.1200
2956,1.0900
2957,1.1800
2958,1.1400
2959,1.0600
2960,1.0800
2961,1.0600
2962,1.1067
2963,1.0300
2964,1.0733
2965,1.1333
2966,1.0600
2967,1.0600
2968,1.1267
2969,1.1100
2970,1.1533
2971,1.0200
2972,1.0200
2973,1.0700
2974,1.1467
2975,1.0800
2976,1.0867
2977,1.1000
2978,1.1000
2979,1.1333
2980,1.1067
2981,1.1000
2982,1.0867
2983,1.1000
2984,1.1000
2985,1.0400
2986,1.0200
2987,1.1000
2988,1.1000
2989,1.0400
2990,1.0967
2991,1.0600
2992,1.0867
2993,1.0800
2994,1.1133
2995,1.0600
2996,1.0800
2997,1.0600
2998,1.0267
2999,1.0400
3000,1.0200
3001,1.0600
3002,1.1067
3003,1.0800
3004,1.0200
3005,1.0600
3006,1.0800
3007,1.0400
3008,1.0600
3009,1.0600
3010,1.1067
3011,1.0500
3012,1.0400
3013,1.0800
3014,1.0800
3015,1.0600
3016,1.0800
3017,1.0867
3018,1.1333
3019,1.0800
3020,1.1000
3021,1.0267
3022,1.1000
3023,1.0800
3024,1.1067
3025,1.1200
3026,1.0000
3027,1.1400
3028,1.0600
3029,1.0800
3030,1.1000
3031,1.1000
3032,1.1000
3033,1.1067
3034,1.0600
3035,1.0800
3036,1.1467
3037,1.0667
3038,1.1000
3039,1.0600
3040,1.1267
3041,1.2000
3042,1.1600
3043,1.0200
3044,1.0800
3045,1.0800
3046,1.1087
3047,1.0400
3048,1.0600
3049,1.1400
3050,1.1200
3051,1.1000
3052,1.0600
3053,1.1000
3054,1.0400
3055,1.1167
3056,1.0733
3057,1.0200
3058,1.0400
3059,1.0600
3060,1.0400
3061,1.0800
3062,1.1600
3063,1.1267
3064,1.0400
3065,1.0600
3066,1.1200
3067,1.1450
3068,1.0600
3069,1.0200
3070,1.0867
3071,1.0800
3072,1.1400
3073,1.0467
3074,1.1267
3075,1.0900
3076,1.0800
3077,1.1000
3078,1.0667
3079,1.0900
3080,1.0600
3081,1.0600
3082,1.1267
3083,1.1200
3084,1.0733
3085,1.1200
3086,1.0667
3087,1.0600
3088,1.1567
3089,1.1400
3090,1.1500
3091,1.1000
3092,1.0800
3093,1.0800
3094,1.0800
3095,1.1200
3096,1.1267
3097,1.0800
3098,1.0900
3099,1.1867
3100,1.0867
3101,1.0867
3102,1.0467
3103,1.1300
3104,1.1267
3105,1.1000
3106,1.0967
3107,1.0500
3108,1.1067
3109,1.0400
3110,1.0400
3111,1.1467
3112,1.1267
3113,1.0600
3114,1.0600
3115,1.0800
3116,1.0600
3117,1.0700
3118,1.1200
3119,1.1000
3120,1.0600
3121,1.0400
3122,1.0400
3123,1.0667
3124,1.0400
3125,1.0467
3126,1.1067
3127,1.0700
3128,1.1067
3129,1.0200
3130,1.0467
3131,1.1000
3132,1.0600
3133,1.0200
3134,1.0400
3135,1.0667
3136,1.0600
3137,1.0600
3138,1.0600
3139,1.1200
3140,1.0400
3141,1.0200
3142,1.0600
3143,1.0700
3144,1.0600
3145,1.1600
3146,1.0800
3147,1.0867
3148,1.0800
3149,1.0800
3150,1.0667
3151,1.1100
3152,1.0200
3153,1.0400
3154,1.0200
3155,1.0800
3156,1.0800
3157,1.0600
3158,1.0600
3159,1.0600
3160,1.1200
3161,1.0700
3162,1.0700
3163,1.0800
3164,1.0867
3165,1.0800
3166,1.0400
3167,1.0800
3168,1.1750
3169,1.0600
3170,1.0467
3171,1.0400
3172,1.0800
3173,1.0000
3174,1.0400
3175,1.1400
3176,1.1200
3177,1.0400
3178,1.0867
3179,1.0267
3180,1.1200
3181,1.1300
3182,1.0400
3183,1.0867
3184,1.0400
3185,1.0600
3186,1.0600
3187,1.0867
3188,1.1333
3189,1.1067
3190,1.0267
3191,1.0600
3192,1.1067
3193,1.1320
3194,1.0200
3195,1.1000
3196,1.0900
3197,1.0600
3198,1.0200
3199,1.0400
3200,1.0200
3201,1.0600
3202,1.0933
3203,1.0400
3204,1.1467
3205,1.1000
3206,1.0467
3207,1.0900
3208,1.0700
3209,1.0733
3210,1.0800
3211,1.0200
3212,1.1000
3213,1.1267
3214,1.1000
3215,1.0400
3216,1.1100
3217,1.0800
3218,1.0700
3219,1.1433
3220,1.0600
3221,1.0800
3222,1.1250
3223,1.0467
3224,1.1167
3225,1.0500
3226,1.0933
3227,1.1100
3228,1.1300
3229,1.0800
3230,1.0400
3231,1.0667
3232,1.0800
3233,1.1000
3234,1.1067
3235,1.1267
3236,1.0200
3237,1.1587
3238,1.0933
3239,1.1050
3240,1.0400
3241,1.0600
3242,1.0467
3243,1.0467
3244,1.1867
3245,1.1000
3246,1.0800
3247,1.0200
3248,1.0800
3249,1.0867
3250,1.0600
3251,1.1200
3252,1.0667
3253,1.1000
3254,1.0900
3255,1.1000
3256,1.0200
3257,1.0800
3258,1.1100
3259,1.1000
3260,1.0500
3261,1.1533
3262,1.1800
3263,1.0800
3264,1.0200
3265,1.0400
3266,1.0800
3267,1.0600
3268,1.0000
3269,1.1200
3270,1.1533
3271,1.0800
3272,1.0467
3273,1.0733
3274,1.0400
3275,1.0200
3276,1.1067
3277,1.0600
3278,1.0800
3279,1.0000
3280,1.0467
3281,1.1233
3282,1.0467
3283,1.1333
3284,1.0200
3285,1.0200
3286,1.0400
3287,1.0800
3288,1.0867
3289,1.0933
3290,1.1600
3291,1.0867
3292,1.1833
3293,1.0400
3294,1.1583
3295,1.1667
3296,1.0600
3297,1.0800
3298,1.0400
3299,1.0600
3300,1.0200
3301,1.1067
3302,1.1267
3303,1.1567
3304,1.0400
3305,1.0600
3306,1.1000
3307,1.1600
3308,1.0200
3309,1.0600
3310,1.0200
3311,1.0800
3312,1.0400
3313,1.1200
3314,1.0933
3315,1.0667
3316,1.0700
3317,1.0850
3318,1.0667
3319,1.1000
3320,1.1267
3321,1.1067
3322,1.0800
3323,1.0900
3324,1.0100
3325,1.0800
3326,1.0700
3327,1.0800
3328,1.0400
3329,1.1300
3330,1.1167
3331,1.0667
3332,1.0800
3333,1.0400
3334,1.0867
3335,1.0933
3336,1.0600
3337,1.0600
3338,1.1000
3339,1.0600
3340,1.0667
3341,1.0467
3342,1.1600
3343,1.1467
3344,1.1700
3345,1.0900
3346,1.1200
3347,1.1500
3348,1.0600
3349,1.1667
3350,1.0867
3351,1.1200
3352,1.1600
3353,1.1300
3354,1.0600
3355,1.0200
3356,1.0300
3357,1.0200
3358,1.0800
3359,1.0600
3360,1.1000
3361,1.0567
3362,1.0600
3363,1.0600
3364,1.0200
3365,1.0400
3366,1.0200
3367,1.1000
3368,1.1517
3369,1.1567
3370,1.0600
3371,1.0600
3372,1.0300
3373,1.0400
3374,1.0600
3375,1.1000
3376,1.0600
3377,1.0200
3378,1.0900
3379,1.0667
3380,1.1067
3381,1.0600
3382,1.0600
3383,1.0300
3384,1.0400
3385,1.0400
3386,1.0767
3387,1.1200
3388,1.0800
3389,1.0800
3390,1.1067
3391,1.1067
3392,1.0600
3393,1.1000
3394,1.1100
3395,1.1000
3396,1.0200
3397,1.0300
3398,1.1067
3399,1.1000
3400,1.1000
3401,1.0200
3402,1.0200
3403,1.1067
3404,1.0200
3405,1.0400
3406,1.0400
3407,1.1567
3408,1.0900
3409,1.0667
3410,1.0200
3411,1.0600
3412,1.0200
3413,1.0400
3414,1.1100
3415,1.0800
3416,1.1100
3417,1.0300
3418,1.0000
3419,1.0467
3420,1.1400
3421,1.0600
3422,1.0600
3423,1.0667
3424,1.0400
3425,1.0500
3426,1.1400
3427,1.0200
3428,1.0900
3429,1.1067
3430,1.1000
3431,1.2253
3432,1.1000
3433,1.0300
3434,1.0300
3435,1.0900
3436,1.0400
3437,1.0667
3438,1.1600
3439,1.0767
3440,1.1400
3441,1.0900
3442,1.0987
3443,1.0800
3444,1.1200
3445,1.1500
3446,1.0467
3447,1.0300
3448,1.0800
3449,1.1200
3450,1.1067
3451,1.0600
3452,1.0400
3453,1.0400
3454,1.0200
3455,1.0400
3456,1.0700
3457,1.0200
3458,1.0200
3459,1.0667
3460,1.0400
3461,1.0600
3462,1.0800
3463,1.0800
3464,1.0300
3465,1.0100
3466,1.0400
3467,1.0800
3468,1.1000
3469,1.0200
3470,1.0867
3471,1.0300
3472,1.0867
3473,1.0800
3474,1.0000
3475,1.0600
3476,1.0000
3477,1.0500
3478,1.0700
3479,1.0200
3480,1.0400
3481,1.0400
3482,1.1100
3483,1.0100
3484,1.0600
3485,1.0900
3486,1.0400
3487,1.0200
3488,1.0967
3489,1.0900
3490,1.0367
3491,1.0700
3492,1.0900
3493,1.0200
3494,1.0500
3495,1.0700
3496,1.1000
3497,1.0200
3498,1.0200
3499,1.1000
3500,1.0567
3501,1.0500
3502,1.0300
3503,1.0400
3504,1.0200
3505,1.0800
3506,1.0900
3507,1.0400
3508,1.0600
3509,1.1100
3510,1.0400
3511,1.0400
3512,1.0400
3513,1.0733
3514,1.1200
3515,1.1100
3516,1.0700
3517,1.0400
3518,1.0967
3519,1.1167
3520,1.0400
3521,1.0200
3522,1.0800
3523,1.0200
3524,1.0900
3525,1.0400
3526,1.0900
3527,1.0300
3528,1.0500
3529,1.0400
3530,1.0300
3531,1.0533
3532,1.0600
3533,1.0500
3534,1.0000
3535,1.0200
3536,1.0700
3537,1.1400
3538,1.0900
3539,1.0667
3540,1.0900
3541,1.0733
3542,1.0500
3543,1.0200
3544,1.0500
3545,1.0600
3546,1.0400
3547,1.1100
3548,1.0400
3549,1.0100
3550,1.0800
3551,1.0200
3552,1.1400
3553,1.0800
3554,1.0600
3555,1.0200
3556,1.1333
3557,1.1300
3558,1.0600
3559,1.0900
3560,1.0867
3561,1.1000
3562,1.0467
3563,1.0500
3564,1.1600
3565,1.0867
3566,1.0200
3567,1.1200
3568,1.1400
3569,1.0300
3570,1.0900
3571,1.0400
3572,1.0800
3573,1.0900
3574,1.0400
3575,1.0700
3576,1.0700
3577,1.1000
3578,1.0800
3579,1.0900
3580,1.0600
3581,1.1000
3582,1.1900
3583,1.1100
3584,1.1067
3585,1.0300
3586,1.0267
3587,1.0500
3588,1.1400
3589,1.0600
3590,1.0200
3591,1.0500
3592,1.0933
3593,1.0200
3594,1.0500
3595,1.0767
3596,1.0800
3597,1.0100
3598,1.0867
3599,1.0800
3600,1.0400
3601,1.1000
3602,1.0600
3603,1.0500
3604,1.0800
3605,1.0600
3606,1.1200
3607,1.1067
3608,1.2467
3609,1.0900
3610,1.1800
3611,1.0600
3612,1.1400
3613,1.1067
3614,1.0800
3615,1.0400
3616,1.1000
3617,1.0400
3618,1.0800
3619,1.0600
3620,1.2067
3621,1.0700
3622,1.0967
3623,1.1467
3624,1.0300
3625,1.1067
3626,1.1000
3627,1.0867
3628,1.1067
3629,1.0400
3630,1.1400
3631,1.0800
3632,1.1000
3633,1.0700
3634,1.1267
3635,1.1267
3636,1.0200
3637,1.1200
3638,1.0300
3639,1.0200
3640,1.0200
3641,1.0700
3642,1.0400
3643,1.1167
3644,1.0700
3645,1.0700
3646,1.0400
3647,1.0000
3648,1.0600
3649,1.0900
3650,1.0000
3651,1.0600
3652,1.0900
3653,1.0600
3654,1.0667
3655,1.0400
3656,1.0400
3657,1.0500
3658,1.1200
3659,1.0267
3660,1.0400
3661,1.0400
3662,1.0200
3663,1.0100
3664,1.0667
3665,1.0567
3666,1.0800
3667,1.0400
3668,1.0900
3669,1.0400
3670,1.0700
3671,1.0267
3672,1.0800
3673,1.1000
3674,1.1600
3675,1.0600
3676,1.0633
3677,1.1300
3678,1.0600
3679,1.0200
3680,1.0300
3681,1.1267
3682,1.0700
3683,1.0500
3684,1.0400
3685,1.0500
3686,1.1100
3687,1.0600
3688,1.0800
3689,1.0200
3690,1.0900
3691,1.0500
3692,1.0200
3693,1.1000
3694,1.0667
3695,1.0700
3696,1.1100
3697,1.0600
3698,1.0600
3699,1.1267
3700,1.0400
3701,1.1300
3702,1.0200
3703,1.0400
3704,1.0600
3705,1.0400
3706,1.1067
3707,1.0700
3708,1.1300
3709,1.1300
3710,1.0800
3711,1.1000
3712,1.0400
3713,1.0400
3714,1.1000
3715,1.0400
3716,1.1000
3717,1.0967
3718,1.0000
3719,1.1000
3720,1.0800
3721,1.0867
3722,1.0600
3723,1.0200
3724,1.1000
3725,1.1600
3726,1.0667
3727,1.0800
3728,1.0867
3729,1.1000
3730,1.0600
3731,1.0000
3732,1.0600
3733,1.0667
3734,1.0800
3735,1.0700
3736,1.0800
3737,1.0400
3738,1.0600
3739,1.1400
3740,1.1067
3741,1.1100
3742,1.0967
3743,1.0200
3744,1.1200
3745,1.0800
3746,1.1000
3747,1.1000
3748,1.1067
3749,1.1000
3750,1.0200
3751,1.0000
3752,1.1200
3753,1.0500
3754,1.0400
3755,1.0500
3756,1.0800
3757,1.1000
3758,1.0800
3759,1.0500
3760,1.0467
3761,1.1200
3762,1.0700
3763,1.1200
3764,1.0667
3765,1.0800
3766,1.0600
3767,1.0400
3768,1.0000
3769,1.1000
3770,1.0400
3771,1.0400
3772,1.0400
3773,1.0900
3774,1.0400
3775,1.0200
3776,1.0900
3777,1.0600
3778,1.0000
3779,1.0200
3780,1.1167
3781,1.1200
3782,1.1200
3783,1.0200
3784,1.0700
3785,1.1400
3786,1.0200
3787,1.0867
3788,1.0200
3789,1.1200
3790,1.0800
3791,1.0867
3792,1.0000
3793,1.0200
3794,1.0600
3795,1.0767
3796,1.1500
3797,1.0200
3798,1.1000
3799,1.0800
3800,1.0600
3801,1.0600
3802,1.0800
3803,1.0600
3804,1.0200
3805,1.0600
3806,1.1400
3807,1.0967
3808,1.0000
3809,1.1267
3810,1.0200
3811,1.1000
3812,1.0450
3813,1.0400
3814,1.0600
3815,1.0400
3816,1.0800
3817,1.0733
3818,1.0600
3819,1.1400
3820,1.0400
3821,1.0500
3822,1.1600
3823,1.1100
3824,1.0900
3825,1.1300
3826,1.1600
3827,1.0667
3828,1.1067
3829,1.1200
3830,1.2133
3831,1.0600
3832,1.1600
3833,1.0400
3834,1.0400
3835,1.0400
3836,1.0467
3837,1.0700
3838,1.1100
3839,1.0700
3840,1.0200
3841,1.0400
3842,1.1400
3843,1.0867
3844,1.0600
3845,1.0600
3846,1.0867
3847,1.0200
3848,1.0400
3849,1.0800
3850,1.1400
3851,1.0800
3852,1.1400
3853,1.1067
3854,1.0800
3855,1.1000
3856,1.0400
3857,1.0000
3858,1.0000
3859,1.0600
3860,1.0000
3861,1.0600
3862,1.0200
3863,1.0600
3864,1.0360
3865,1.0200
3866,1.0600
3867,1.0867
3868,1.0600
3869,1.0600
3870,1.0200
3871,1.0467
3872,1.0867
3873,1.0800
3874,1.0667
3875,1.1200
3876,1.1467
3877,1.0800
3878,1.0667
3879,1.1133
3880,1.1600
3881,1.1000
3882,1.0467
3883,1.0000
3884,1.0800
3885,1.0600
3886,1.1000
3887,1.0867
3888,1.0867
3889,1.0467
3890,1.1000
3891,1.1100
3892,1.0667
3893,1.0800
3894,1.1200
3895,1.1667
3896,1.0400
3897,1.0800
3898,1.0200
3899,1.1000
3900,1.0200
3901,1.0200
3902,1.0200
3903,1.0333
3904,1.0667
3905,1.0600
3906,1.0867
3907,1.1067
3908,1.0900
3909,1.0667
3910,1.1233
3911,1.0400
3912,1.1100
3913,1.0800
3914,1.0600
3915,1.1200
3916,1.0700
3917,1.1400
3918,1.1000
3919,1.1467
3920,1.0400
3921,1.0200
3922,1.1000
3923,1.0667
3924,1.1000
3925,1.0800
3926,1.0867
3927,1.1400
3928,1.0700
3929,1.0400
3930,1.0900
3931,1.0600
3932,1.0400
3933,1.0667
3934,1.0400
3935,1.0800
3936,1.0600
3937,1.0500
3938,1.0800
3939,1.1000
3940,1.1067
3941,1.0400
3942,1.0800
3943,1.0800
3944,1.0700
3945,1.1267
3946,1.1000
3947,1.1667
3948,1.1000
3949,1.1400
3950,1.0800
3951,1.0500
3952,1.0600
3953,1.1000
3954,1.1150
3955,1.1300
3956,1.1267
3957,1.1067
3958,1.1200
3959,1.0800
3960,1.0800
3961,1.1000
3962,1.0600
3963,1.0400
3964,1.0400
3965,1.0400
3966,1.0867
3967,1.0800
3968,1.0800
3969,1.0600
3970,1.0400
3971,1.0800
3972,1.1300
3973,1.1000
3974,1.0800
3975,1.1250
3976,1.1500
3977,1.1600
3978,1.0600
3979,1.1000
3980,1.0400
3981,1.1467
3982,1.1600
3983,1.0967
3984,1.0933
3985,1.1867
3986,1.1600
3987,1.0600
3988,1.1000
3989,1.1000
3990,1.1867
3991,1.1600
3992,1.0650
3993,1.0700
3994,1.0800
3995,1.0200
3996,1.0400
3997,1.0467
3998,1.1200
3999,1.0800
